Workbook

Sheet 가정
A1: 항목 | B1: 값 | C1: 설명
A2: 비교 기간(개월) | B2: 36 | C2: 총비용을 계산할 사용 기간 (로봇청소기 수명 3년 가정, 변경 가능)
A3: 환율(원/USD) | B3: 1400 | C3: 가정값. 퍼보 한국 정가를 못 찾아 미국 정가를 환산. 실제 환율로 바꿀 것
A4: 펫시터 주당 방문 횟수 | B4: 3 | C4: 혼자 있는 평일 중 방문 횟수 가정
A5: 펫시터 1회 요금(원) | B5: 28000 | C5: 숨고 방문 펫시터 평균 28,000원 (최저 20,000 / 최고 40,000)
A6: 우리 제품 하드웨어 추가금(원) | B6: 0 | C6: 미정 — 간식 수납·배출 장치 원가(R4)가 나오면 입력. 0 = ThinQ 소프트웨어 업데이트만
A7: 우리 제품 월 구독료(원) | B7: 5000 | C7: 미정 — 설문(H12 Van Westendorp) 결과로 교체. 현재는 임시 가정

Sheet 가격조사
A1: 구분 | B1: 제품·항목 | C1: 가격(원) | D1: 가격 기준 | E1: 출처 | F1: 신뢰도·비고
A2: LG 로봇청소기 | B2: 코드제로 R5 오브제컬렉션 (LG전자 공식몰 판매가) | C2: 570000 | D2: 정상가 90만원에서 36% 할인 | E2: https://www.lge.co.kr/vacuum-cleaners/r585wka1 | F2: 검색 요약 인용. 공식 페이지는 접속 차단으로 직접 확인 못 함 → 팀이 최신가 재확인 필요
A3: LG 로봇청소기 | B3: 코드제로 R5 (타 판매처 회원할인 적용) | C3: 460000 | D3: 판매가 69만원 − 회원할인 23만원 | E3: https://plan.danawa.com/info/?nPlanSeq=7608 | F3: 2차 요약. 판매처 조건부 가격
A4: LG 로봇청소기 | B4: 코드제로 R5 정상가 | C4: 900000 | D4: 할인 전 판매가 | E4: https://www.lge.co.kr/product/vacuum-cleaners/a720wa | F4: 표기된 할인 전 판매가 (모델 일치 확인 필요)
A5: LG 로봇청소기 | B5: 코드제로 오브제컬렉션 R9 올인원타워 출하가 | C5: 1590000 | D5: 오브제 색상 159만 / 아이언그레이 149만 | E5: https://www.lg.co.kr/media/release/25385 | F5: 보도자료 기반 출하가
A6: LG 로봇청소기 | B6: 코드제로 R9 (다나와 최저가, G마켓) | C6: 1017270 | D6: 실구매가 사례 (판매가 1,374,000 / 최대혜택가 1,088,100) | E6: https://prod.danawa.com/info/?pcode=17978366 | F6: 시점·모델(RO965WB) 변동 큼. 재확인 필요
A7: 경쟁 로봇청소기 | B7: 삼성 비스포크 AI 스팀 일반형 출고가(하한) | C7: 1410000 | D7: 141만~159만원 | E7: https://www.dailian.co.kr/news/view/1654746/ | F7: 경쟁사 참고용 (비교표에는 미포함)
A8: 경쟁 로봇청소기 | B8: 에코백스 디봇 T30 프로 옴니 | C8: 599000 | D8: 판매 사례가 | E8: https://www.smarttoday.co.kr/ko-kr/articles/74140 | F8: 프로모션 사례. 경쟁사 참고용
A9: 일반 펫캠 | B9: 샤오미 MJSXJ05CM | C9: 37500 | D9: 3.5만~4만원 중간값 | E9: https://wikidocs.net/blog/@dognyang/24526/ | F9: 블로그 정보. 구독료 없음
A10: 일반 펫캠 | B10: TP-Link Tapo C210 (2K 팬틸트) | C10: 45900 | D10: 판매가 | E10: https://wikidocs.net/blog/@dognyang/24526/ | F10: 블로그 정보. 로컬 SD 저장, 구독 없이 사용
A11: 일반 펫캠 | B11: 캠플러스 미지아 IPC-013 | C11: 65000 | D11: 6.5만원 전후 | E11: https://wikidocs.net/blog/@dognyang/24526/ | F11: 블로그 정보
A12: 간식 디스펜서 펫캠 | B12: 펫킷 얌쉐어 (1080P 카메라 AI 급식기) | C12: 199000 | D12: 쿠팡 할인가 | E12: https://www.coupang.com/vp/products/8999350932 | F12: 쿠팡 검색 요약. 간식 '투척' 방식인지는 미확인 (급식기)
A13: 간식 디스펜서 펫캠 | B13: IOT 스마트 자동급식기 (카메라 내장) | C13: 96500 | D13: 쿠팡 할인가 | E13: https://www.coupang.com/vp/products/8362062812 | F13: 쿠팡 검색 요약. 일반 급식기에 가까움
A14: 간식 디스펜서 펫캠 | B14: Furbo 360° 기기 (미국 정가 $199 × 환율) | C14: =199*가정!B3 | D14: $199 MSRP (행사 시 $149~179) | E14: https://furbo.com/us/products/furbo-dog-cam-360 | F14: 한국 원화 정가는 못 찾음 → 환산값. 한국 판매가 재확인 필요
A15: 간식 디스펜서 펫캠 | B15: Furbo Nanny 구독 Basic (월, $6.99 × 환율) | C15: =6.99*가정!B3 | D15: 월 $6.99 (연 $83.88) / Premium $9.99 | E15: https://thesmartsnout.com/2026/02/03/furbo-360-dog-camera-price-review-2026/ | F15: 구독 없이도 라이브뷰·수동 양방향·수동 간식 가능, 녹화·알림은 구독 필요
A16: 펫시터 | B16: 방문 펫시터 1회 (숨고 평균) | C16: 28000 | D16: 건당, 최저 20,000 / 최고 40,000 | E16: https://soomgo.com/a.%EB%B6%80%EC%82%B0-%EC%82%AC%ED%95%98%EA%B5%AC/%ED%8E%AB-%EC%8B%9C%ED%84%B0-%EB%B0%A9%EB%AC%B8 | F16: 시간·지역별 상이
A17: 펫시터 | B17: 와요 방문 펫시터 60분 | C17: 28500 | D17: 30분 19,500 / 120분 42,000 | E17: https://apps.apple.com/us/app/%ED%8E%AB%EC%8B%9C%ED%84%B0-%EC%82%B0%EC%B1%85-%EB%B0%A9%EB%AC%B8%ED%83%81%EB%AC%98-%EC%BA%A3%EC%8B%9C%ED%84%B0-%EC%95%A0%EA%B2%AC%ED%98%B8%ED%85%94-%EB%B0%98%EB%A0%A4%EB%8F%99%EB%AC%BC-%ED%8E%AB%EB%B3%B4%ED%97%98/id1598224377?l=ko | F17: 플랫폼 표기 시작가

Sheet 대안별 총비용
A1: 대안 | B1: 구성 | C1: 초기 비용(원) | D1: 월 비용(원) | E1: 총비용(기간, 원) | F1: 월평균 환산(원) | G1: 우리 제품 대비(원, 같은 R5/R9 기준끼리) | H1: 비고
A2: ① 일반 로봇청소기 + 일반 펫캠 | B2: LG R5 + Tapo C210 | C2: =가격조사!C2+가격조사!C10 | D2: =0 | E2: =C2+D2*가정!$B$2 | F2: =E2/가정!$B$2 | G2: =E2-E$7 | H2: 구독 없음. 간식 투척·로봇 연동 없음
A3: ② 로봇청소기 + 간식디스펜서 펫캠(국내) | B3: LG R5 + 펫킷 얌쉐어 | C3: =가격조사!C2+가격조사!C12 | D3: =0 | E3: =C3+D3*가정!$B$2 | F3: =E3/가정!$B$2 | G3: =E3-E$7 | H3: 급식기형. 투척 여부 미확인
A4: ③ 로봇청소기 + 퍼보(구독 포함) | B4: LG R5 + Furbo 360 + Nanny Basic | C4: =가격조사!C2+가격조사!C14 | D4: =가격조사!C15 | E4: =C4+D4*가정!$B$2 | F4: =E4/가정!$B$2 | G4: =E4-E$7 | H4: 한국 정가 미확인 → 환산값
A5: ④ 프리미엄 로봇청소기 + 퍼보(구독 포함) | B5: LG R9(최저가) + Furbo 360 + Nanny Basic | C5: =가격조사!C6+가격조사!C14 | D5: =가격조사!C15 | E5: =C5+D5*가정!$B$2 | F5: =E5/가정!$B$2 | G5: =E5-E$8 | H5: R9 가격은 변동 큼
A6: ⑤ 펫시터 방문 | B6: LG R5 + 방문 펫시터 (주 N회) | C6: =가격조사!C2 | D6: =가정!B4*가정!B5*52/12 | E6: =C6+D6*가정!$B$2 | F6: =E6/가정!$B$2 | G6: =E6-E$7 | H6: 펫시터 횟수·단가는 가정 시트에서 조정
A7: ⑥ 우리 제품 (R5 기반) | B7: LG R5 + 펫케어 기능(하드웨어 추가금 + 월 구독) | C7: =가격조사!C2+가정!B6 | D7: =가정!B7 | E7: =C7+D7*가정!$B$2 | F7: =E7/가정!$B$2 | H7: 추가금·구독료는 미정(가정값)
A8: ⑦ 우리 제품 (R9 기반) | B8: LG R9(최저가) + 펫케어 기능 | C8: =가격조사!C6+가정!B6 | D8: =가정!B7 | E8: =C8+D8*가정!$B$2 | F8: =E8/가정!$B$2 | H8: 추가금·구독료는 미정(가정값)
A10: 주의 | B10: 총비용 = 초기 비용 + 월 비용 × 비교 기간. 대안①~④는 '우리 제품'과 같은 R5/R9 기준끼리 비교(④·⑦은 R9 기준, ①~③·⑤·⑥은 R5 기준).
B11: 가격은 검색 요약 기반이고 공식몰·다나와는 접속 차단으로 직접 확인하지 못했다. 발표 전에 최신가·구독 조건을 재확인할 것.
B12: 비용만 비교한 표이다. '더 높은 가치'(H14)는 비용 차이만으로 판단할 수 없고, 설문 선호(우리 제품 선호 > 대안 선호)와 함께 제시해야 한다.
